
---------------------------------------- relatorio
DROP TABLE IF EXISTS relatorio CASCADE;

CREATE TABLE IF NOT EXISTS relatorio
(
 nserie integer NOT NULL DEFAULT 1,
 mes    integer NOT NULL DEFAULT 01,
 ano    integer NOT NULL DEFAULT 2000,
 PRIMARY KEY ( nserie )

);

INSERT INTO relatorio
VALUES
(1,1,2010),
(2,6,2010),
(3,1,2011),
(4,6,2011),
(5,1,2012),
(6,6,2012),
(7,1,2013),
(8,6,2013),
(9,1,2014),
(10,6,2014),
(11,1,2015),
(12,6,2015),
(13,1,2016),
(14,6,2016),
(15,1,2017),
(16,6,2017),
(17,1,2018),
(18,6,2018),
(19,1,2019),
(20,6,2019);



---------------------------------------- analise
DROP TABLE IF EXISTS analise CASCADE;

CREATE TABLE IF NOT EXISTS analise
(
 rotulo             integer             NOT NULL DEFAULT 110,
 relaserie          integer             NOT NULL DEFAULT 1,
 laboratorio        varchar(15)         NOT NULL,
 tecnico            varchar(30)         NOT NULL,
 metodo             varchar(10)         NOT NULL,
 PRIMARY KEY ( rotulo ),
 FOREIGN KEY ( relaserie ) REFERENCES relatorio ( nserie )
 ON UPDATE CASCADE ON DELETE CASCADE
);

INSERT INTO analise
VALUES
(110,1, 'Toxilab', 'Anita Oliveira', 'SLMB'),
(120,1, 'DAE', 'Thais Riveiro', 'AN'),
(210,2, 'COPASA', 'Luiz Machado', 'DIN'),
(220,2, 'DAE', 'Thais Riveiro', 'SLMB'),
(230,2, 'Terra', 'Leando Lumiere', 'SLMB'),
(310,3, 'DAE', 'Patrick Freitas', 'EPA'),
(410,4, 'COPASA', 'Luiz Machado', 'DIN'),
(420,4, 'Terra', 'Leando Lumiere', 'EPA'),
(430,4, 'COPASA', 'Luiz Machado', 'DIN'),
(510,5, 'Terra', 'Leando Lumiere', 'ISO'),
(610,6, 'Venturo', 'Juan Silva', 'ATSM'),
(710,7, 'DAE', 'Thais Riveiro', 'EPA'),
(810,8, 'DAE', 'Thais Riveiro', 'ATSM'),
(820,8, 'Venturo', 'Juan Silva', 'DIN'),
(830,8, 'Terra', 'Luna Moraes', 'DIN'),
(840,8, 'COPASA', 'Luiz Machado', 'DIN'),
(850,8, 'Venturo', 'Marcos Borges', 'EPA'),
(910,9, 'Venturo', 'Marcos Borges', 'AN'),
(1010,10, 'Toxilab', 'David Chaves', 'SLMB'),
(1110,11, 'Venturo', 'David Chaves', 'ATSM'),
(1120,11, 'Terra', 'Leando Lumiere', 'ISO'),
(1210,12, 'Toxilab', 'David Chaves', 'SLMB'),
(1220,12, 'Terra', 'Leando Lumiere', 'EPA'),
(1230,12, 'Venturo', 'Marcos Borges', 'ISO'),
(1340,13, 'Toxilab', 'Anita Oliveira', 'ATSM'),
(1410,14, 'Toxilab', 'Anita Oliveira', 'AN'),
(1510,15, 'DAE', 'Thais Riveiro', 'ISO'),
(1520,15, 'Venturo', 'Marcos Borges', 'ATSM'),
(1530,15, 'COPASA', 'Ana Passos', 'ISO'),
(1540,15, 'Toxilab', 'David Chaves', 'AN'),
(1610,16, 'DAE', 'Thais Riveiro', 'EPA'),
(1620,16, 'Venturo', 'Marcos Borges', 'AN'),
(1710,17, 'Toxilab', 'Anita Oliveira', 'DIN'),
(1720,17, 'DAE', 'Patrick Freitas', 'ISO'),
(1810,18, 'COPASA', 'Luiz Machado', 'ATSM'),
(1820,18, 'Toxilab', 'Anita Oliveira', 'ISO'),
(1910,19, 'COPASA', 'Luiz Machado', 'EPA'),
(2010,20, 'Terra', 'Leando Lumiere', 'AN'),
(2020,20, 'Terra', 'Leando Lumiere', 'SLMB');
---------------------------------------- amostra
DROP TABLE IF EXISTS amostra CASCADE;

CREATE TABLE IF NOT EXISTS amostra
(
 identificador          integer         NOT NULL DEFAULT 11100,
 anarotulo              integer         NOT NULL DEFAULT 110,
 estado                 varchar(20)     NOT NULL,
 cidade                 varchar(50)     NOT NULL,
 bairro                 varchar(50)     NOT NULL,
 procedencia            varchar(20)     NOT NULL,
 PRIMARY KEY ( identificador ),
 FOREIGN KEY ( anarotulo ) REFERENCES analise ( rotulo )
 ON UPDATE CASCADE ON DELETE CASCADE
);

INSERT INTO amostra
VALUES
(11100,110, 'Minas Gerais', 'Belo Horizonte', 'Pampulha', 'Urbano'),
(12100,120, 'Minas Gerais', 'Joao Monlevade', 'Carneirinhos', 'Urbano'),
(12200,120, 'Minas Gerais', 'Itabira', 'Dto Ind I', 'Industrial'),
(12300,120, 'Minas Gerais', 'Joao Monlevade', 'Vila Tanque', 'Urbano'),
(21100,210, 'Minas Gerais', 'Belo Horizonte', 'Pampulha', 'Urbano'),
(21200,210, 'Minas Gerais', 'Joao Monlevade', 'Centro Industrial', 'Industrial'),
(21300,210, 'Minas Gerais', 'Joao Monlevade', 'Carneirinhos', 'Industrial'),
(22100,220, 'Minas Gerais', 'Itabira', 'Campestre', 'Urbano'),
(22200,220, 'Minas Gerais', 'Joao Monlevade', 'Carneirinhos', 'Urbano'),
(23100,230, 'Minas Gerais', 'Joao Monlevade', 'Centro Industrial', 'Urbano'),
(31100,310, 'Minas Gerais', 'Joao Monlevade', 'Vila Tanque', 'Urbano'),
(31200,310, 'Minas Gerais', 'Belo Horizonte', 'Pampulha', 'Industrial'),
(31300,310, 'Minas Gerais', 'Joao Monlevade', 'Centro Industrial', 'Industrial'),
(31400,310, 'Minas Gerais', 'Itabira', 'Campestre I', 'Industrial'),
(41100,410, 'Minas Gerais', 'Joao Monlevade', 'Carneirinhos', 'Urbano'),
(42200,420, 'Minas Gerais', 'Belo Horizonte', 'Belvedere', 'Urbano'),
(43100,430, 'Minas Gerais', 'Joao Monlevade', 'Laranjeiras', 'Urbano'),
(51100,510, 'Minas Gerais', 'Joao Monlevade', 'Carneirinhos', 'Industrial'),
(61100,610, 'Minas Gerais', 'Joao Monlevade', 'Vila Tanque', 'Urbano'),
(71100,710, 'Minas Gerais', 'Itabira', 'Dto Ind I', 'Urbano'),
(81100,810, 'Minas Gerais', 'Joao Monlevade', 'Carneirinhos', 'Industrial'),
(82100,820, 'Minas Gerais', 'Itabira', 'Area Rural', 'Rural'),
(82200,820, 'Minas Gerais', 'Joao Monlevade', 'Centro Industrial', 'Industrial'),
(82400,820, 'Minas Gerais', 'Belo Horizonte', 'Belvedere', 'Industrial'),
(83100,830, 'Minas Gerais', 'Joao Monlevade', 'Carneirinhos', 'Urbano'),
(84100,840, 'Minas Gerais', 'Belo Horizonte', 'Belvedere', 'Urbano'),
(85100,850, 'Minas Gerais', 'Itabira', 'Campestre', 'Urbano'),
(91100,910, 'Minas Gerais', 'Joao Monlevade', 'Centro Industrial', 'Industrial'),
(101100,1010, 'Minas Gerais', 'Joao Monlevade', 'Cruzeiro Celeste', 'Urbano'),
(111100,1110, 'Minas Gerais', 'Itabira', 'Dto Ind I', 'Industrial'),
(111200,1110, 'Minas Gerais', 'Joao Monlevade', 'Sion', 'Urbano'),
(111300,1110, 'Minas Gerais', 'Joao Monlevade', 'Vila Tanque', 'Urbano'),
(112100,1120, 'Minas Gerais', 'Belo Horizonte', 'Pampulha', 'Urbano'),
(121100,1210, 'Minas Gerais', 'Joao Monlevade', 'Centro Industrial', 'Industrial'),
(121200,1210, 'Minas Gerais', 'Itabira', 'Campestre', 'Urbano'),
(122300,1220, 'Minas Gerais', 'Joao Monlevade', 'Carneirinhos', 'Industrial'),
(123100,1230, 'Minas Gerais', 'Belo Horizonte', 'Belvedere', 'Urbano'),
(123200,1230, 'Minas Gerais', 'Joao Monlevade', 'Belmonte', 'Urbano'),
(134100,1340, 'Minas Gerais', 'Joao Monlevade', 'Centro Industrial', 'Industrial'),
(141100,1410, 'Minas Gerais', 'Itabira', 'Area Rural', 'Rural'),
(141200,1410, 'Minas Gerais', 'Joao Monlevade', 'Vila Tanque', 'Urbano'),
(151100,1510, 'Minas Gerais', 'Joao Monlevade', 'Loanda', 'Urbano'),
(152100,1520, 'Minas Gerais', 'Joao Monlevade', 'Sion', 'Urbano'),
(153100,1530, 'Minas Gerais', 'Belo Horizonte', 'Pampulha', 'Industrial'),
(154100,1540, 'Minas Gerais', 'Joao Monlevade', 'Vila Tanque', 'Urbano'),
(154200,1540, 'Minas Gerais', 'Itabira', 'Dto Ind I', 'Industrial'),
(161100,1610, 'Minas Gerais', 'Joao Monlevade', 'Sion', 'Urbano'),
(162100,1620, 'Minas Gerais', 'Belo Horizonte', 'Belvedere', 'Urbano'),
(171100,1710, 'Minas Gerais', 'Joao Monlevade', 'Centro Industrial', 'Industrial'),
(171200,1710, 'Minas Gerais', 'Joao Monlevade', 'Loanda', 'Urbano'),
(172100,1720, 'Minas Gerais', 'Joao Monlevade', 'Belmonte', 'Urbano'),
(181100,1810, 'Minas Gerais', 'Itabira', 'Campestre I', 'Urbano'),
(182200,1820, 'Minas Gerais', 'Joao Monlevade', 'Carneirinhos', 'Urbano'),
(191100,1910, 'Minas Gerais', 'Itabira', 'Campestre', 'Industrial'),
(191200,1910, 'Minas Gerais', 'Joao Monlevade', 'Centro Industrial', 'Urbano'),
(201100,2010, 'Minas Gerais', 'Belo Horizonte', 'Pampulha', 'Industrial'),
(201200,2010, 'Minas Gerais', 'Joao Monlevade', 'Cruzeiro Celeste', 'Urbano'),
(201300,2010, 'Minas Gerais', 'Belo Horizonte', 'Belvedere', 'Industrial'),
(202100,2020, 'Minas Gerais', 'Itabira', 'Area Rural', 'Rural'),
(202200,2020, 'Minas Gerais', 'Joao Monlevade', 'Centro Industrial', 'Industrial');

---------------------------------------- impureza
DROP TABLE IF EXISTS impureza CASCADE;

CREATE TABLE IF NOT EXISTS impureza
(
 nome               varchar(15)     NOT NULL,
 idamostra          integer         NOT NULL DEFAULT 11100,
 unidade            varchar(10)     NOT NULL,
 tipo               varchar(10)     NOT NULL,
 vtotal             float         NOT NULL,
 PRIMARY KEY ( nome, idamostra ),
 FOREIGN KEY ( idamostra ) REFERENCES amostra ( identificador )
 ON UPDATE CASCADE ON DELETE CASCADE
);

INSERT INTO impureza
VALUES
('E.COLI',11100, 'CFU/100mL', 'BIOLOGICO',91),
('FOSFATOS',11100, 'mg/L', 'ORGANICO',0.28),
('OXIGENIO',11100, 'OD', 'INORGANICO',95),
('TURBIDEZ',11100, 'NTU', 'VISUAL',21),
('ACIDEZ',11100, 'pH', 'INORGANICO',7.8),
('E.COLI',12100, 'CFU/100mL', 'BIOLOGICO',213),
('FOSFATOS',12100, 'mg/L', 'ORGANICO',0.36),
('OXIGENIO',12100, 'OD', 'INORGANICO',106),
('TURBIDEZ',12100, 'NTU', 'VISUAL',15),
('ACIDEZ',12100, 'pH', 'INORGANICO',6.3),
('E.COLI',12200, 'CFU/100mL', 'BIOLOGICO',309),
('FOSFATOS',12200, 'mg/L', 'ORGANICO',0.11),
('OXIGENIO',12200, 'OD', 'INORGANICO',92),
('TURBIDEZ',12200, 'NTU', 'VISUAL',13),
('ACIDEZ',12200, 'pH', 'INORGANICO',6.2),
('E.COLI',12300, 'CFU/100mL', 'BIOLOGICO',66),
('FOSFATOS',12300, 'mg/L', 'ORGANICO',0.38),
('OXIGENIO',12300, 'OD', 'INORGANICO',110),
('TURBIDEZ',12300, 'NTU', 'VISUAL',19),
('ACIDEZ',12300, 'pH', 'INORGANICO',6.2),
('E.COLI',21100, 'CFU/100mL', 'BIOLOGICO',6),
('FOSFATOS',21100, 'mg/L', 'ORGANICO',0.21),
('OXIGENIO',21100, 'OD', 'INORGANICO',92),
('TURBIDEZ',21100, 'NTU', 'VISUAL',7),
('ACIDEZ',21100, 'pH', 'INORGANICO',6.7),
('E.COLI',21200, 'CFU/100mL', 'BIOLOGICO',334),
('FOSFATOS',21200, 'mg/L', 'ORGANICO',0.18),
('OXIGENIO',21200, 'OD', 'INORGANICO',93),
('TURBIDEZ',21200, 'NTU', 'VISUAL',20),
('ACIDEZ',21200, 'pH', 'INORGANICO',5.2),
('E.COLI',21300, 'CFU/100mL', 'BIOLOGICO',522),
('FOSFATOS',21300, 'mg/L', 'ORGANICO',0.10),
('OXIGENIO',21300, 'OD', 'INORGANICO',94),
('TURBIDEZ',21300, 'NTU', 'VISUAL',19),
('ACIDEZ',21300, 'pH', 'INORGANICO',6.6),
('E.COLI',22100, 'CFU/100mL', 'BIOLOGICO',245),
('FOSFATOS',22100, 'mg/L', 'ORGANICO',0.46),
('OXIGENIO',22100, 'OD', 'INORGANICO',100),
('TURBIDEZ',22100, 'NTU', 'VISUAL',14),
('ACIDEZ',22100, 'pH', 'INORGANICO',7.3),
('E.COLI',22200, 'CFU/100mL', 'BIOLOGICO',531),
('FOSFATOS',22200, 'mg/L', 'ORGANICO',0.43),
('OXIGENIO',22200, 'OD', 'INORGANICO',106),
('TURBIDEZ',22200, 'NTU', 'VISUAL',9),
('ACIDEZ',22200, 'pH', 'INORGANICO',7.7),
('E.COLI',23100, 'CFU/100mL', 'BIOLOGICO',495),
('FOSFATOS',23100, 'mg/L', 'ORGANICO',0.35),
('OXIGENIO',23100, 'OD', 'INORGANICO',91),
('TURBIDEZ',23100, 'NTU', 'VISUAL',34),
('ACIDEZ',23100, 'pH', 'INORGANICO',6.2),
('E.COLI',31100, 'CFU/100mL', 'BIOLOGICO',162),
('FOSFATOS',31100, 'mg/L', 'ORGANICO',0.39),
('OXIGENIO',31100, 'OD', 'INORGANICO',99),
('TURBIDEZ',31100, 'NTU', 'VISUAL',27),
('ACIDEZ',31100, 'pH', 'INORGANICO',6.8),
('E.COLI',31200, 'CFU/100mL', 'BIOLOGICO',377),
('FOSFATOS',31200, 'mg/L', 'ORGANICO',0.43),
('OXIGENIO',31200, 'OD', 'INORGANICO',94),
('TURBIDEZ',31200, 'NTU', 'VISUAL',23),
('ACIDEZ',31200, 'pH', 'INORGANICO',7.3),
('E.COLI',31300, 'CFU/100mL', 'BIOLOGICO',418),
('FOSFATOS',31300, 'mg/L', 'ORGANICO',0.27),
('OXIGENIO',31300, 'OD', 'INORGANICO',97),
('TURBIDEZ',31300, 'NTU', 'VISUAL',1),
('ACIDEZ',31300, 'pH', 'INORGANICO',6.6),
('E.COLI',31400, 'CFU/100mL', 'BIOLOGICO',144),
('FOSFATOS',31400, 'mg/L', 'ORGANICO',0.40),
('OXIGENIO',31400, 'OD', 'INORGANICO',103),
('TURBIDEZ',31400, 'NTU', 'VISUAL',16),
('ACIDEZ',31400, 'pH', 'INORGANICO',7.4),
('E.COLI',41100, 'CFU/100mL', 'BIOLOGICO',232),
('FOSFATOS',41100, 'mg/L', 'ORGANICO',0.28),
('OXIGENIO',41100, 'OD', 'INORGANICO',96),
('TURBIDEZ',41100, 'NTU', 'VISUAL',4),
('ACIDEZ',41100, 'pH', 'INORGANICO',7.0),
('E.COLI',42200, 'CFU/100mL', 'BIOLOGICO',39),
('FOSFATOS',42200, 'mg/L', 'ORGANICO',0.36),
('OXIGENIO',42200, 'OD', 'INORGANICO',95),
('TURBIDEZ',42200, 'NTU', 'VISUAL',14),
('ACIDEZ',42200, 'pH', 'INORGANICO',6.6),
('E.COLI',43100, 'CFU/100mL', 'BIOLOGICO',567),
('FOSFATOS',43100, 'mg/L', 'ORGANICO',0.12),
('OXIGENIO',43100, 'OD', 'INORGANICO',104),
('TURBIDEZ',43100, 'NTU', 'VISUAL',40),
('ACIDEZ',43100, 'pH', 'INORGANICO',6.5),
('E.COLI',51100, 'CFU/100mL', 'BIOLOGICO',46),
('FOSFATOS',51100, 'mg/L', 'ORGANICO',0.26),
('OXIGENIO',51100, 'OD', 'INORGANICO',99),
('TURBIDEZ',51100, 'NTU', 'VISUAL',8),
('ACIDEZ',51100, 'pH', 'INORGANICO',7.0),
('E.COLI',61100, 'CFU/100mL', 'BIOLOGICO',526),
('FOSFATOS',61100, 'mg/L', 'ORGANICO',0.26),
('OXIGENIO',61100, 'OD', 'INORGANICO',101),
('TURBIDEZ',61100, 'NTU', 'VISUAL',38),
('ACIDEZ',61100, 'pH', 'INORGANICO',6.3),
('E.COLI',71100, 'CFU/100mL', 'BIOLOGICO',47),
('FOSFATOS',71100, 'mg/L', 'ORGANICO',0.25),
('OXIGENIO',71100, 'OD', 'INORGANICO',101),
('TURBIDEZ',71100, 'NTU', 'VISUAL',5),
('ACIDEZ',71100, 'pH', 'INORGANICO',6.1),
('E.COLI',81100, 'CFU/100mL', 'BIOLOGICO',165),
('FOSFATOS',81100, 'mg/L', 'ORGANICO',0.14),
('OXIGENIO',81100, 'OD', 'INORGANICO',110),
('TURBIDEZ',81100, 'NTU', 'VISUAL',7),
('ACIDEZ',81100, 'pH', 'INORGANICO',7.9),
('E.COLI',82100, 'CFU/100mL', 'BIOLOGICO',426),
('FOSFATOS',82100, 'mg/L', 'ORGANICO',0.36),
('OXIGENIO',82100, 'OD', 'INORGANICO',92),
('TURBIDEZ',82100, 'NTU', 'VISUAL',37),
('ACIDEZ',82100, 'pH', 'INORGANICO',7.2),
('E.COLI',82200, 'CFU/100mL', 'BIOLOGICO',58),
('FOSFATOS',82200, 'mg/L', 'ORGANICO',0.14),
('OXIGENIO',82200, 'OD', 'INORGANICO',93),
('TURBIDEZ',82200, 'NTU', 'VISUAL',21),
('ACIDEZ',82200, 'pH', 'INORGANICO',5.4),
('E.COLI',82400, 'CFU/100mL', 'BIOLOGICO',474),
('FOSFATOS',82400, 'mg/L', 'ORGANICO',0.33),
('OXIGENIO',82400, 'OD', 'INORGANICO',105),
('TURBIDEZ',82400, 'NTU', 'VISUAL',22),
('ACIDEZ',82400, 'pH', 'INORGANICO',5.3),
('E.COLI',83100, 'CFU/100mL', 'BIOLOGICO',392),
('FOSFATOS',83100, 'mg/L', 'ORGANICO',0.31),
('OXIGENIO',83100, 'OD', 'INORGANICO',106),
('TURBIDEZ',83100, 'NTU', 'VISUAL',32),
('ACIDEZ',83100, 'pH', 'INORGANICO',7.3),
('E.COLI',84100, 'CFU/100mL', 'BIOLOGICO',474),
('FOSFATOS',84100, 'mg/L', 'ORGANICO',0.43),
('OXIGENIO',84100, 'OD', 'INORGANICO',100),
('TURBIDEZ',84100, 'NTU', 'VISUAL',18),
('ACIDEZ',84100, 'pH', 'INORGANICO',5.3),
('E.COLI',85100, 'CFU/100mL', 'BIOLOGICO',344),
('FOSFATOS',85100, 'mg/L', 'ORGANICO',0.21),
('OXIGENIO',85100, 'OD', 'INORGANICO',93),
('TURBIDEZ',85100, 'NTU', 'VISUAL',1),
('ACIDEZ',85100, 'pH', 'INORGANICO',5.1),
('E.COLI',91100, 'CFU/100mL', 'BIOLOGICO',279),
('FOSFATOS',91100, 'mg/L', 'ORGANICO',0.49),
('OXIGENIO',91100, 'OD', 'INORGANICO',97),
('TURBIDEZ',91100, 'NTU', 'VISUAL',11),
('ACIDEZ',91100, 'pH', 'INORGANICO',6.2),
('E.COLI',101100, 'CFU/100mL', 'BIOLOGICO',272),
('FOSFATOS',101100, 'mg/L', 'ORGANICO',0.49),
('OXIGENIO',101100, 'OD', 'INORGANICO',102),
('TURBIDEZ',101100, 'NTU', 'VISUAL',23),
('ACIDEZ',101100, 'pH', 'INORGANICO',7.8),
('E.COLI',111100, 'CFU/100mL', 'BIOLOGICO',353),
('FOSFATOS',111100, 'mg/L', 'ORGANICO',0.34),
('OXIGENIO',111100, 'OD', 'INORGANICO',91),
('TURBIDEZ',111100, 'NTU', 'VISUAL',25),
('ACIDEZ',111100, 'pH', 'INORGANICO',6.0),
('E.COLI',111200, 'CFU/100mL', 'BIOLOGICO',361),
('FOSFATOS',111200, 'mg/L', 'ORGANICO',0.20),
('OXIGENIO',111200, 'OD', 'INORGANICO',101),
('TURBIDEZ',111200, 'NTU', 'VISUAL',22),
('ACIDEZ',111200, 'pH', 'INORGANICO',5.6),
('E.COLI',111300, 'CFU/100mL', 'BIOLOGICO',360),
('FOSFATOS',111300, 'mg/L', 'ORGANICO',0.34),
('OXIGENIO',111300, 'OD', 'INORGANICO',102),
('TURBIDEZ',111300, 'NTU', 'VISUAL',19),
('ACIDEZ',111300, 'pH', 'INORGANICO',5.1),
('E.COLI',112100, 'CFU/100mL', 'BIOLOGICO',22),
('FOSFATOS',112100, 'mg/L', 'ORGANICO',0.31),
('OXIGENIO',112100, 'OD', 'INORGANICO',105),
('TURBIDEZ',112100, 'NTU', 'VISUAL',29),
('ACIDEZ',112100, 'pH', 'INORGANICO',7.4),
('E.COLI',121100, 'CFU/100mL', 'BIOLOGICO',386),
('FOSFATOS',121100, 'mg/L', 'ORGANICO',0.12),
('OXIGENIO',121100, 'OD', 'INORGANICO',95),
('TURBIDEZ',121100, 'NTU', 'VISUAL',32),
('ACIDEZ',121100, 'pH', 'INORGANICO',7.7),
('E.COLI',121200, 'CFU/100mL', 'BIOLOGICO',450),
('FOSFATOS',121200, 'mg/L', 'ORGANICO',0.21),
('OXIGENIO',121200, 'OD', 'INORGANICO',101),
('TURBIDEZ',121200, 'NTU', 'VISUAL',31),
('ACIDEZ',121200, 'pH', 'INORGANICO',6.3),
('E.COLI',122300, 'CFU/100mL', 'BIOLOGICO',580),
('FOSFATOS',122300, 'mg/L', 'ORGANICO',0.31),
('OXIGENIO',122300, 'OD', 'INORGANICO',110),
('TURBIDEZ',122300, 'NTU', 'VISUAL',12),
('ACIDEZ',122300, 'pH', 'INORGANICO',6.0),
('E.COLI',123100, 'CFU/100mL', 'BIOLOGICO',386),
('FOSFATOS',123100, 'mg/L', 'ORGANICO',0.19),
('OXIGENIO',123100, 'OD', 'INORGANICO',100),
('TURBIDEZ',123100, 'NTU', 'VISUAL',27),
('ACIDEZ',123100, 'pH', 'INORGANICO',5.9),
('E.COLI',123200, 'CFU/100mL', 'BIOLOGICO',43),
('FOSFATOS',123200, 'mg/L', 'ORGANICO',0.44),
('OXIGENIO',123200, 'OD', 'INORGANICO',97),
('TURBIDEZ',123200, 'NTU', 'VISUAL',1),
('ACIDEZ',123200, 'pH', 'INORGANICO',5.2),
('E.COLI',134100, 'CFU/100mL', 'BIOLOGICO',99),
('FOSFATOS',134100, 'mg/L', 'ORGANICO',0.23),
('OXIGENIO',134100, 'OD', 'INORGANICO',106),
('TURBIDEZ',134100, 'NTU', 'VISUAL',19),
('ACIDEZ',134100, 'pH', 'INORGANICO',5.6),
('E.COLI',141100, 'CFU/100mL', 'BIOLOGICO',72),
('FOSFATOS',141100, 'mg/L', 'ORGANICO',0.14),
('OXIGENIO',141100, 'OD', 'INORGANICO',104),
('TURBIDEZ',141100, 'NTU', 'VISUAL',22),
('ACIDEZ',141100, 'pH', 'INORGANICO',5.8),
('E.COLI',141200, 'CFU/100mL', 'BIOLOGICO',405),
('FOSFATOS',141200, 'mg/L', 'ORGANICO',0.34),
('OXIGENIO',141200, 'OD', 'INORGANICO',96),
('TURBIDEZ',141200, 'NTU', 'VISUAL',25),
('ACIDEZ',141200, 'pH', 'INORGANICO',5.8),
('E.COLI',151100, 'CFU/100mL', 'BIOLOGICO',140),
('FOSFATOS',151100, 'mg/L', 'ORGANICO',0.43),
('OXIGENIO',151100, 'OD', 'INORGANICO',100),
('TURBIDEZ',151100, 'NTU', 'VISUAL',30),
('ACIDEZ',151100, 'pH', 'INORGANICO',7.5),
('E.COLI',152100, 'CFU/100mL', 'BIOLOGICO',550),
('FOSFATOS',152100, 'mg/L', 'ORGANICO',0.34),
('OXIGENIO',152100, 'OD', 'INORGANICO',107),
('TURBIDEZ',152100, 'NTU', 'VISUAL',21),
('ACIDEZ',152100, 'pH', 'INORGANICO',7.8),
('E.COLI',153100, 'CFU/100mL', 'BIOLOGICO',97),
('FOSFATOS',153100, 'mg/L', 'ORGANICO',0.41),
('OXIGENIO',153100, 'OD', 'INORGANICO',97),
('TURBIDEZ',153100, 'NTU', 'VISUAL',20),
('ACIDEZ',153100, 'pH', 'INORGANICO',5.6),
('E.COLI',154100, 'CFU/100mL', 'BIOLOGICO',413),
('FOSFATOS',154100, 'mg/L', 'ORGANICO',0.37),
('OXIGENIO',154100, 'OD', 'INORGANICO',102),
('TURBIDEZ',154100, 'NTU', 'VISUAL',25),
('ACIDEZ',154100, 'pH', 'INORGANICO',5.1),
('E.COLI',154200, 'CFU/100mL', 'BIOLOGICO',342),
('FOSFATOS',154200, 'mg/L', 'ORGANICO',0.36),
('OXIGENIO',154200, 'OD', 'INORGANICO',108),
('TURBIDEZ',154200, 'NTU', 'VISUAL',23),
('ACIDEZ',154200, 'pH', 'INORGANICO',7.4),
('E.COLI',161100, 'CFU/100mL', 'BIOLOGICO',470),
('FOSFATOS',161100, 'mg/L', 'ORGANICO',0.34),
('OXIGENIO',161100, 'OD', 'INORGANICO',101),
('TURBIDEZ',161100, 'NTU', 'VISUAL',8),
('ACIDEZ',161100, 'pH', 'INORGANICO',5.6),
('E.COLI',162100, 'CFU/100mL', 'BIOLOGICO',434),
('FOSFATOS',162100, 'mg/L', 'ORGANICO',0.27),
('OXIGENIO',162100, 'OD', 'INORGANICO',106),
('TURBIDEZ',162100, 'NTU', 'VISUAL',17),
('ACIDEZ',162100, 'pH', 'INORGANICO',5.9),
('E.COLI',171100, 'CFU/100mL', 'BIOLOGICO',412),
('FOSFATOS',171100, 'mg/L', 'ORGANICO',0.33),
('OXIGENIO',171100, 'OD', 'INORGANICO',108),
('TURBIDEZ',171100, 'NTU', 'VISUAL',20),
('ACIDEZ',171100, 'pH', 'INORGANICO',5.0),
('E.COLI',171200, 'CFU/100mL', 'BIOLOGICO',491),
('FOSFATOS',171200, 'mg/L', 'ORGANICO',0.28),
('OXIGENIO',171200, 'OD', 'INORGANICO',92),
('TURBIDEZ',171200, 'NTU', 'VISUAL',13),
('ACIDEZ',171200, 'pH', 'INORGANICO',5.0),
('E.COLI',172100, 'CFU/100mL', 'BIOLOGICO',143),
('FOSFATOS',172100, 'mg/L', 'ORGANICO',0.22),
('OXIGENIO',172100, 'OD', 'INORGANICO',105),
('TURBIDEZ',172100, 'NTU', 'VISUAL',38),
('ACIDEZ',172100, 'pH', 'INORGANICO',7.0),
('E.COLI',181100, 'CFU/100mL', 'BIOLOGICO',283),
('FOSFATOS',181100, 'mg/L', 'ORGANICO',0.12),
('OXIGENIO',181100, 'OD', 'INORGANICO',108),
('TURBIDEZ',181100, 'NTU', 'VISUAL',17),
('ACIDEZ',181100, 'pH', 'INORGANICO',5.5),
('E.COLI',182200, 'CFU/100mL', 'BIOLOGICO',303),
('FOSFATOS',182200, 'mg/L', 'ORGANICO',0.19),
('OXIGENIO',182200, 'OD', 'INORGANICO',104),
('TURBIDEZ',182200, 'NTU', 'VISUAL',12),
('ACIDEZ',182200, 'pH', 'INORGANICO',6.1),
('E.COLI',191100, 'CFU/100mL', 'BIOLOGICO',562),
('FOSFATOS',191100, 'mg/L', 'ORGANICO',0.25),
('OXIGENIO',191100, 'OD', 'INORGANICO',92),
('TURBIDEZ',191100, 'NTU', 'VISUAL',18),
('ACIDEZ',191100, 'pH', 'INORGANICO',7.6),
('E.COLI',191200, 'CFU/100mL', 'BIOLOGICO',319),
('FOSFATOS',191200, 'mg/L', 'ORGANICO',0.16),
('OXIGENIO',191200, 'OD', 'INORGANICO',98),
('TURBIDEZ',191200, 'NTU', 'VISUAL',3),
('ACIDEZ',191200, 'pH', 'INORGANICO',6.0),
('E.COLI',201100, 'CFU/100mL', 'BIOLOGICO',385),
('FOSFATOS',201100, 'mg/L', 'ORGANICO',0.21),
('OXIGENIO',201100, 'OD', 'INORGANICO',98),
('TURBIDEZ',201100, 'NTU', 'VISUAL',24),
('ACIDEZ',201100, 'pH', 'INORGANICO',5.8),
('E.COLI',201200, 'CFU/100mL', 'BIOLOGICO',239),
('FOSFATOS',201200, 'mg/L', 'ORGANICO',0.12),
('OXIGENIO',201200, 'OD', 'INORGANICO',108),
('TURBIDEZ',201200, 'NTU', 'VISUAL',16),
('ACIDEZ',201200, 'pH', 'INORGANICO',5.7),
('E.COLI',201300, 'CFU/100mL', 'BIOLOGICO',245),
('FOSFATOS',201300, 'mg/L', 'ORGANICO',0.33),
('OXIGENIO',201300, 'OD', 'INORGANICO',100),
('TURBIDEZ',201300, 'NTU', 'VISUAL',30),
('ACIDEZ',201300, 'pH', 'INORGANICO',7.7),
('E.COLI',202100, 'CFU/100mL', 'BIOLOGICO',54),
('FOSFATOS',202100, 'mg/L', 'ORGANICO',0.40),
('OXIGENIO',202100, 'OD', 'INORGANICO',99),
('TURBIDEZ',202100, 'NTU', 'VISUAL',23),
('ACIDEZ',202100, 'pH', 'INORGANICO',5.4),
('E.COLI',202200, 'CFU/100mL', 'BIOLOGICO',195),
('FOSFATOS',202200, 'mg/L', 'ORGANICO',0.42),
('OXIGENIO',202200, 'OD', 'INORGANICO',108),
('TURBIDEZ',202200, 'NTU', 'VISUAL',13),
('ACIDEZ',202200, 'pH', 'INORGANICO',5.5);